время,координата,плотность, вязкость, давление, разность давления, масса, D, плотность рабочая 
0,0,900,1.5e-05,6e+06,0,0,0.7,0
0,1000,900,1.5e-05,5.99161e+06,0,346361,0.7,0
0,2000,900,1.5e-05,5.98323e+06,0,692721,0.7,0
0,3000,900,1.5e-05,5.97484e+06,0,1.03908e+06,0.7,0
0,4000,900,1.5e-05,5.96646e+06,0,1.38544e+06,0.7,0
0,5000,900,1.5e-05,5.95807e+06,0,1.7318e+06,0.7,0
0,6000,900,1.5e-05,5.94969e+06,0,2.07816e+06,0.7,0
0,7000,900,1.5e-05,5.9413e+06,0,2.42452e+06,0.7,0
0,8000,900,1.5e-05,5.93292e+06,0,2.77088e+06,0.7,0
0,9000,900,1.5e-05,5.92453e+06,0,3.11725e+06,0.7,0
0,10000,900,1.5e-05,5.91615e+06,0,3.46361e+06,0.7,0
0,11000,900,1.5e-05,5.90776e+06,0,3.80997e+06,0.7,0
0,12000,900,1.5e-05,5.89938e+06,0,4.15633e+06,0.7,0
0,13000,900,1.5e-05,5.89099e+06,0,4.50269e+06,0.7,0
0,14000,900,1.5e-05,5.8826e+06,0,4.84905e+06,0.7,0
0,15000,900,1.5e-05,5.87422e+06,0,5.19541e+06,0.7,0
0,16000,900,1.5e-05,5.86583e+06,0,5.54177e+06,0.7,0
0,17000,900,1.5e-05,5.85745e+06,0,5.88813e+06,0.7,0
0,18000,900,1.5e-05,5.84906e+06,0,6.23449e+06,0.7,0
0,19000,900,1.5e-05,5.84068e+06,0,6.58085e+06,0.7,0
0,20000,900,1.5e-05,5.83229e+06,0,6.92721e+06,0.7,0
0,21000,900,1.5e-05,5.82391e+06,0,7.27357e+06,0.7,0
0,22000,900,1.5e-05,5.81552e+06,0,7.61993e+06,0.7,0
0,23000,900,1.5e-05,5.80714e+06,0,7.96629e+06,0.7,0
0,24000,900,1.5e-05,5.79875e+06,0,8.31265e+06,0.7,0
0,25000,900,1.5e-05,5.79037e+06,0,8.65901e+06,0.7,0
0,26000,900,1.5e-05,5.78198e+06,0,9.00538e+06,0.7,0
0,27000,900,1.5e-05,5.7736e+06,0,9.35174e+06,0.7,0
0,28000,900,1.5e-05,5.76521e+06,0,9.6981e+06,0.7,0
0,29000,900,1.5e-05,5.75682e+06,0,1.00445e+07,0.7,0
0,30000,900,1.5e-05,5.74844e+06,0,1.03908e+07,0.7,0
0,31000,900,1.5e-05,5.74005e+06,0,1.07372e+07,0.7,0
0,32000,900,1.5e-05,5.73167e+06,0,1.10835e+07,0.7,0
0,33000,900,1.5e-05,5.72328e+06,0,1.14299e+07,0.7,0
0,34000,900,1.5e-05,5.7149e+06,0,1.17763e+07,0.7,0
0,35000,900,1.5e-05,5.70651e+06,0,1.21226e+07,0.7,0
0,36000,900,1.5e-05,5.69813e+06,0,1.2469e+07,0.7,0
0,37000,900,1.5e-05,5.68974e+06,0,1.28153e+07,0.7,0
0,38000,900,1.5e-05,5.68136e+06,0,1.31617e+07,0.7,0
0,39000,900,1.5e-05,5.67297e+06,0,1.35081e+07,0.7,0
0,40000,900,1.5e-05,5.66459e+06,0,1.38544e+07,0.7,0
0,41000,900,1.5e-05,5.6562e+06,0,1.42008e+07,0.7,0
0,42000,900,1.5e-05,5.64781e+06,0,1.45471e+07,0.7,0
0,43000,900,1.5e-05,5.63943e+06,0,1.48935e+07,0.7,0
0,44000,900,1.5e-05,5.63104e+06,0,1.52399e+07,0.7,0
0,45000,900,1.5e-05,5.62266e+06,0,1.55862e+07,0.7,0
0,46000,900,1.5e-05,5.61427e+06,0,1.59326e+07,0.7,0
0,47000,900,1.5e-05,5.60589e+06,0,1.62789e+07,0.7,0
0,48000,900,1.5e-05,5.5975e+06,0,1.66253e+07,0.7,0
0,49000,900,1.5e-05,5.58912e+06,0,1.69717e+07,0.7,0
0,50000,900,1.5e-05,5.58073e+06,0,1.7318e+07,0.7,0
0,51000,900,1.5e-05,5.57235e+06,0,1.76644e+07,0.7,0
0,52000,900,1.5e-05,5.56396e+06,0,1.80108e+07,0.7,0
0,53000,900,1.5e-05,5.55558e+06,0,1.83571e+07,0.7,0
0,54000,900,1.5e-05,5.54719e+06,0,1.87035e+07,0.7,0
0,55000,900,1.5e-05,5.53881e+06,0,1.90498e+07,0.7,0
0,56000,900,1.5e-05,5.53042e+06,0,1.93962e+07,0.7,0
0,57000,900,1.5e-05,5.52203e+06,0,1.97426e+07,0.7,0
0,58000,900,1.5e-05,5.51365e+06,0,2.00889e+07,0.7,0
0,59000,900,1.5e-05,5.50526e+06,0,2.04353e+07,0.7,0
0,60000,900,1.5e-05,5.49688e+06,0,2.07816e+07,0.7,0
0,61000,900,1.5e-05,5.48849e+06,0,2.1128e+07,0.7,0
0,62000,900,1.5e-05,5.48011e+06,0,2.14744e+07,0.7,0
0,63000,900,1.5e-05,5.47172e+06,0,2.18207e+07,0.7,0
0,64000,900,1.5e-05,5.46334e+06,0,2.21671e+07,0.7,0
0,65000,900,1.5e-05,5.45495e+06,0,2.25134e+07,0.7,0
0,66000,900,1.5e-05,5.44657e+06,0,2.28598e+07,0.7,0
0,67000,900,1.5e-05,5.43818e+06,0,2.32062e+07,0.7,0
0,68000,900,1.5e-05,5.4298e+06,0,2.35525e+07,0.7,0
0,69000,900,1.5e-05,5.42141e+06,0,2.38989e+07,0.7,0
0,70000,900,1.5e-05,5.41302e+06,0,2.42452e+07,0.7,0
0,71000,900,1.5e-05,5.40464e+06,0,2.45916e+07,0.7,0
0,72000,900,1.5e-05,5.39625e+06,0,2.4938e+07,0.7,0
0,73000,900,1.5e-05,5.38787e+06,0,2.52843e+07,0.7,0
0,74000,900,1.5e-05,5.37948e+06,0,2.56307e+07,0.7,0
0,75000,900,1.5e-05,5.3711e+06,0,2.5977e+07,0.7,0
0,76000,900,1.5e-05,5.36271e+06,0,2.63234e+07,0.7,0
0,77000,900,1.5e-05,5.35433e+06,0,2.66698e+07,0.7,0
0,78000,900,1.5e-05,5.34594e+06,0,2.70161e+07,0.7,0
0,79000,900,1.5e-05,5.33756e+06,0,2.73625e+07,0.7,0
0,80000,900,1.5e-05,5.32917e+06,0,2.77088e+07,0.7,0
0,81000,900,1.5e-05,5.32079e+06,0,2.80552e+07,0.7,0
0,82000,900,1.5e-05,5.3124e+06,0,2.84016e+07,0.7,0
0,83000,900,1.5e-05,5.30401e+06,0,2.87479e+07,0.7,0
0,84000,900,1.5e-05,5.29563e+06,0,2.90943e+07,0.7,0
0,85000,900,1.5e-05,5.28724e+06,0,2.94407e+07,0.7,0
0,86000,900,1.5e-05,5.27886e+06,0,2.9787e+07,0.7,0
0,87000,900,1.5e-05,5.27047e+06,0,3.01334e+07,0.7,0
0,88000,900,1.5e-05,5.26209e+06,0,3.04797e+07,0.7,0
0,89000,900,1.5e-05,5.2537e+06,0,3.08261e+07,0.7,0
0,90000,900,1.5e-05,5.24532e+06,0,3.11725e+07,0.7,0
0,91000,900,1.5e-05,5.23693e+06,0,3.15188e+07,0.7,0
0,92000,900,1.5e-05,5.22855e+06,0,3.18652e+07,0.7,0
0,93000,900,1.5e-05,5.22016e+06,0,3.22115e+07,0.7,0
0,94000,900,1.5e-05,5.21178e+06,0,3.25579e+07,0.7,0
0,95000,900,1.5e-05,5.20339e+06,0,3.29043e+07,0.7,0
0,96000,900,1.5e-05,5.19501e+06,0,3.32506e+07,0.7,0
0,97000,900,1.5e-05,5.18662e+06,0,3.3597e+07,0.7,0
0,98000,900,1.5e-05,5.17823e+06,0,3.39433e+07,0.7,0
0,99000,900,1.5e-05,5.16985e+06,0,3.42897e+07,0.7,0
0,100000,900,1.5e-05,5.16146e+06,0,3.46361e+07,0.7,0
2000.96,0,900,1.5e-05,5.8e+06,-200000,0,0.7,0
2000.96,1000,900,1.5e-05,5.79133e+06,-200283,346361,0.7,0
2000.96,2000,900,1.5e-05,5.78266e+06,-200565,692721,0.7,0
2000.96,3000,900,1.5e-05,5.774e+06,-200848,1.03908e+06,0.7,0
2000.96,4000,900,1.5e-05,5.76533e+06,-201131,1.38544e+06,0.7,0
2000.96,5000,900,1.5e-05,5.75666e+06,-201413,1.7318e+06,0.7,0
2000.96,6000,900,1.5e-05,5.74799e+06,-201696,2.07816e+06,0.7,0
2000.96,7000,900,1.5e-05,5.73932e+06,-201979,2.42452e+06,0.7,0
2000.96,8000,900,1.5e-05,5.73066e+06,-202261,2.77088e+06,0.7,0
2000.96,9000,900,1.5e-05,5.72199e+06,-202544,3.11725e+06,0.7,0
2000.96,10000,900,1.5e-05,5.71332e+06,-202827,3.46361e+06,0.7,0
2000.96,11000,900,1.5e-05,5.70465e+06,-203109,3.80997e+06,0.7,0
2000.96,12000,900,1.5e-05,5.69598e+06,-203392,4.15633e+06,0.7,0
2000.96,13000,900,1.5e-05,5.68732e+06,-203675,4.50269e+06,0.7,0
2000.96,14000,900,1.5e-05,5.67865e+06,-203957,4.84905e+06,0.7,0
2000.96,15000,900,1.5e-05,5.66998e+06,-204240,5.19541e+06,0.7,0
2000.96,16000,900,1.5e-05,5.66131e+06,-204522,5.54177e+06,0.7,0
2000.96,17000,900,1.5e-05,5.65264e+06,-204805,5.88813e+06,0.7,0
2000.96,18000,900,1.5e-05,5.64398e+06,-205088,6.23449e+06,0.7,0
2000.96,19000,900,1.5e-05,5.63531e+06,-205370,6.58085e+06,0.7,0
2000.96,20000,900,1.5e-05,5.62664e+06,-205653,6.92721e+06,0.7,0
2000.96,21000,900,1.5e-05,5.61797e+06,-205936,7.27357e+06,0.7,0
2000.96,22000,900,1.5e-05,5.6093e+06,-206218,7.61993e+06,0.7,0
2000.96,23000,900,1.5e-05,5.60064e+06,-206501,7.96629e+06,0.7,0
2000.96,24000,900,1.5e-05,5.59197e+06,-206784,8.31265e+06,0.7,0
2000.96,25000,900,1.5e-05,5.5833e+06,-207066,8.65901e+06,0.7,0
2000.96,26000,900,1.5e-05,5.57463e+06,-207349,9.00538e+06,0.7,0
2000.96,27000,900,1.5e-05,5.56596e+06,-207632,9.35174e+06,0.7,0
2000.96,28000,900,1.5e-05,5.5573e+06,-207914,9.6981e+06,0.7,0
2000.96,29000,900,1.5e-05,5.54863e+06,-208197,1.00445e+07,0.7,0
2000.96,30000,900,1.5e-05,5.53996e+06,-208480,1.03908e+07,0.7,0
2000.96,31000,900,1.5e-05,5.53129e+06,-208762,1.07372e+07,0.7,0
2000.96,32000,900,1.5e-05,5.52262e+06,-209045,1.10835e+07,0.7,0
2000.96,33000,900,1.5e-05,5.51396e+06,-209328,1.14299e+07,0.7,0
2000.96,34000,900,1.5e-05,5.50529e+06,-209610,1.17763e+07,0.7,0
2000.96,35000,900,1.5e-05,5.49662e+06,-209893,1.21226e+07,0.7,0
2000.96,36000,900,1.5e-05,5.48795e+06,-210176,1.2469e+07,0.7,0
2000.96,37000,900,1.5e-05,5.47928e+06,-210458,1.28153e+07,0.7,0
2000.96,38000,900,1.5e-05,5.47062e+06,-210741,1.31617e+07,0.7,0
2000.96,39000,900,1.5e-05,5.46195e+06,-211024,1.35081e+07,0.7,0
2000.96,40000,900,1.5e-05,5.45328e+06,-211306,1.38544e+07,0.7,0
2000.96,41000,900,1.5e-05,5.44461e+06,-211589,1.42008e+07,0.7,0
2000.96,42000,900,1.5e-05,5.43594e+06,-211872,1.45471e+07,0.7,0
2000.96,43000,900,1.5e-05,5.42728e+06,-212154,1.48935e+07,0.7,0
2000.96,44000,900,1.5e-05,5.41861e+06,-212437,1.52399e+07,0.7,0
2000.96,45000,900,1.5e-05,5.40994e+06,-212719,1.55862e+07,0.7,0
2000.96,46000,900,1.5e-05,5.40127e+06,-213002,1.59326e+07,0.7,0
2000.96,47000,900,1.5e-05,5.3926e+06,-213285,1.62789e+07,0.7,0
2000.96,48000,900,1.5e-05,5.38394e+06,-213567,1.66253e+07,0.7,0
2000.96,49000,900,1.5e-05,5.37527e+06,-213850,1.69717e+07,0.7,0
2000.96,50000,900,1.5e-05,5.3666e+06,-214133,1.7318e+07,0.7,0
2000.96,51000,900,1.5e-05,5.35793e+06,-214415,1.76644e+07,0.7,0
2000.96,52000,900,1.5e-05,5.34926e+06,-214698,1.80108e+07,0.7,0
2000.96,53000,900,1.5e-05,5.3406e+06,-214981,1.83571e+07,0.7,0
2000.96,54000,900,1.5e-05,5.33193e+06,-215263,1.87035e+07,0.7,0
2000.96,55000,900,1.5e-05,5.32326e+06,-215546,1.90498e+07,0.7,0
2000.96,56000,900,1.5e-05,5.31459e+06,-215829,1.93962e+07,0.7,0
2000.96,57000,900,1.5e-05,5.30592e+06,-216111,1.97426e+07,0.7,0
2000.96,58000,900,1.5e-05,5.29726e+06,-216394,2.00889e+07,0.7,0
2000.96,59000,900,1.5e-05,5.28859e+06,-216677,2.04353e+07,0.7,0
2000.96,60000,900,1.5e-05,5.27992e+06,-216959,2.07816e+07,0.7,0
2000.96,61000,900,1.5e-05,5.27125e+06,-217242,2.1128e+07,0.7,0
2000.96,62000,900,1.5e-05,5.26258e+06,-217525,2.14744e+07,0.7,0
2000.96,63000,900,1.5e-05,5.25391e+06,-217807,2.18207e+07,0.7,0
2000.96,64000,900,1.5e-05,5.24525e+06,-218090,2.21671e+07,0.7,0
2000.96,65000,900,1.5e-05,5.23658e+06,-218373,2.25134e+07,0.7,0
2000.96,66000,900,1.5e-05,5.22791e+06,-218655,2.28598e+07,0.7,0
2000.96,67000,900,1.5e-05,5.21924e+06,-218938,2.32062e+07,0.7,0
2000.96,68000,900,1.5e-05,5.21057e+06,-219221,2.35525e+07,0.7,0
2000.96,69000,900,1.5e-05,5.20191e+06,-219503,2.38989e+07,0.7,0
2000.96,70000,900,1.5e-05,5.19324e+06,-219786,2.42452e+07,0.7,0
2000.96,71000,900,1.5e-05,5.18457e+06,-220069,2.45916e+07,0.7,0
2000.96,72000,900,1.5e-05,5.1759e+06,-220351,2.4938e+07,0.7,0
2000.96,73000,900,1.5e-05,5.16723e+06,-220634,2.52843e+07,0.7,0
2000.96,74000,900,1.5e-05,5.15857e+06,-220916,2.56307e+07,0.7,0
2000.96,75000,900,1.5e-05,5.1499e+06,-221199,2.5977e+07,0.7,0
2000.96,76000,900,1.5e-05,5.14123e+06,-221482,2.63234e+07,0.7,0
2000.96,77000,900,1.5e-05,5.13256e+06,-221764,2.66698e+07,0.7,0
2000.96,78000,900,1.5e-05,5.12389e+06,-222047,2.70161e+07,0.7,0
2000.96,79000,900,1.5e-05,5.11523e+06,-222330,2.73625e+07,0.7,0
2000.96,80000,900,1.5e-05,5.10656e+06,-222612,2.77088e+07,0.7,0
2000.96,81000,900,1.5e-05,5.09789e+06,-222895,2.80552e+07,0.7,0
2000.96,82000,900,1.5e-05,5.08922e+06,-223178,2.84016e+07,0.7,0
2000.96,83000,900,1.5e-05,5.08055e+06,-223460,2.87479e+07,0.7,0
2000.96,84000,900,1.5e-05,5.07189e+06,-223743,2.90943e+07,0.7,0
2000.96,85000,900,1.5e-05,5.06322e+06,-224026,2.94407e+07,0.7,0
2000.96,86000,900,1.5e-05,5.05455e+06,-224308,2.9787e+07,0.7,0
2000.96,87000,900,1.5e-05,5.04588e+06,-224591,3.01334e+07,0.7,0
2000.96,88000,900,1.5e-05,5.03721e+06,-224874,3.04797e+07,0.7,0
2000.96,89000,900,1.5e-05,5.02855e+06,-225156,3.08261e+07,0.7,0
2000.96,90000,900,1.5e-05,5.01988e+06,-225439,3.11725e+07,0.7,0
2000.96,91000,900,1.5e-05,5.01121e+06,-225722,3.15188e+07,0.7,0
2000.96,92000,900,1.5e-05,5.00254e+06,-226004,3.18652e+07,0.7,0
2000.96,93000,900,1.5e-05,4.99387e+06,-226287,3.22115e+07,0.7,0
2000.96,94000,900,1.5e-05,4.98521e+06,-226570,3.25579e+07,0.7,0
2000.96,95000,900,1.5e-05,4.97654e+06,-226852,3.29043e+07,0.7,0
2000.96,96000,900,1.5e-05,4.96787e+06,-227135,3.32506e+07,0.7,0
2000.96,97000,900,1.5e-05,4.9592e+06,-227418,3.3597e+07,0.7,0
2000.96,98000,900,1.5e-05,4.95053e+06,-227700,3.39433e+07,0.7,0
2000.96,99000,900,1.5e-05,4.94187e+06,-227983,3.42897e+07,0.7,0
2000.96,100000,900,1.5e-05,4.9332e+06,-228266,3.46361e+07,0.7,0
3925.08,0,880,1.3e-05,5.8e+06,-200000,0,0.7,0
3925.08,1000,900,1.5e-05,5.79132e+06,-200296,342512,0.7,0
3925.08,2000,900,1.5e-05,5.78228e+06,-200945,688873,0.7,0
3925.08,3000,900,1.5e-05,5.77325e+06,-201593,1.03523e+06,0.7,0
3925.08,4000,900,1.5e-05,5.76422e+06,-202242,1.38159e+06,0.7,0
3925.08,5000,900,1.5e-05,5.75518e+06,-202891,1.72795e+06,0.7,0
3925.08,6000,900,1.5e-05,5.74615e+06,-203540,2.07432e+06,0.7,0
3925.08,7000,900,1.5e-05,5.73711e+06,-204188,2.42068e+06,0.7,0
3925.08,8000,900,1.5e-05,5.72808e+06,-204837,2.76704e+06,0.7,0
3925.08,9000,900,1.5e-05,5.71905e+06,-205486,3.1134e+06,0.7,0
3925.08,10000,900,1.5e-05,5.71001e+06,-206135,3.45976e+06,0.7,0
3925.08,11000,900,1.5e-05,5.70098e+06,-206784,3.80612e+06,0.7,0
3925.08,12000,900,1.5e-05,5.69194e+06,-207432,4.15248e+06,0.7,0
3925.08,13000,900,1.5e-05,5.68291e+06,-208081,4.49884e+06,0.7,0
3925.08,14000,900,1.5e-05,5.67388e+06,-208730,4.8452e+06,0.7,0
3925.08,15000,900,1.5e-05,5.66484e+06,-209379,5.19156e+06,0.7,0
3925.08,16000,900,1.5e-05,5.65581e+06,-210027,5.53792e+06,0.7,0
3925.08,17000,900,1.5e-05,5.64677e+06,-210676,5.88428e+06,0.7,0
3925.08,18000,900,1.5e-05,5.63774e+06,-211325,6.23064e+06,0.7,0
3925.08,19000,900,1.5e-05,5.6287e+06,-211974,6.577e+06,0.7,0
3925.08,20000,900,1.5e-05,5.61967e+06,-212623,6.92336e+06,0.7,0
3925.08,21000,900,1.5e-05,5.61064e+06,-213271,7.26972e+06,0.7,0
3925.08,22000,900,1.5e-05,5.6016e+06,-213920,7.61608e+06,0.7,0
3925.08,23000,900,1.5e-05,5.59257e+06,-214569,7.96245e+06,0.7,0
3925.08,24000,900,1.5e-05,5.58353e+06,-215218,8.30881e+06,0.7,0
3925.08,25000,900,1.5e-05,5.5745e+06,-215866,8.65517e+06,0.7,0
3925.08,26000,900,1.5e-05,5.56547e+06,-216515,9.00153e+06,0.7,0
3925.08,27000,900,1.5e-05,5.55643e+06,-217164,9.34789e+06,0.7,0
3925.08,28000,900,1.5e-05,5.5474e+06,-217813,9.69425e+06,0.7,0
3925.08,29000,900,1.5e-05,5.53836e+06,-218462,1.00406e+07,0.7,0
3925.08,30000,900,1.5e-05,5.52933e+06,-219110,1.0387e+07,0.7,0
3925.08,31000,900,1.5e-05,5.52029e+06,-219759,1.07333e+07,0.7,0
3925.08,32000,900,1.5e-05,5.51126e+06,-220408,1.10797e+07,0.7,0
3925.08,33000,900,1.5e-05,5.50223e+06,-221057,1.14261e+07,0.7,0
3925.08,34000,900,1.5e-05,5.49319e+06,-221705,1.17724e+07,0.7,0
3925.08,35000,900,1.5e-05,5.48416e+06,-222354,1.21188e+07,0.7,0
3925.08,36000,900,1.5e-05,5.47512e+06,-223003,1.24651e+07,0.7,0
3925.08,37000,900,1.5e-05,5.46609e+06,-223652,1.28115e+07,0.7,0
3925.08,38000,900,1.5e-05,5.45706e+06,-224301,1.31579e+07,0.7,0
3925.08,39000,900,1.5e-05,5.44802e+06,-224949,1.35042e+07,0.7,0
3925.08,40000,900,1.5e-05,5.43899e+06,-225598,1.38506e+07,0.7,0
3925.08,41000,900,1.5e-05,5.42995e+06,-226247,1.41969e+07,0.7,0
3925.08,42000,900,1.5e-05,5.42092e+06,-226896,1.45433e+07,0.7,0
3925.08,43000,900,1.5e-05,5.41189e+06,-227544,1.48897e+07,0.7,0
3925.08,44000,900,1.5e-05,5.40285e+06,-228193,1.5236e+07,0.7,0
3925.08,45000,900,1.5e-05,5.39382e+06,-228842,1.55824e+07,0.7,0
3925.08,46000,900,1.5e-05,5.38478e+06,-229491,1.59287e+07,0.7,0
3925.08,47000,900,1.5e-05,5.37575e+06,-230140,1.62751e+07,0.7,0
3925.08,48000,900,1.5e-05,5.36671e+06,-230788,1.66215e+07,0.7,0
3925.08,49000,900,1.5e-05,5.35768e+06,-231437,1.69678e+07,0.7,0
3925.08,50000,900,1.5e-05,5.34865e+06,-232086,1.73142e+07,0.7,0
3925.08,51000,900,1.5e-05,5.33961e+06,-232735,1.76605e+07,0.7,0
3925.08,52000,900,1.5e-05,5.33058e+06,-233383,1.80069e+07,0.7,0
3925.08,53000,900,1.5e-05,5.32154e+06,-234032,1.83533e+07,0.7,0
3925.08,54000,900,1.5e-05,5.31251e+06,-234681,1.86996e+07,0.7,0
3925.08,55000,900,1.5e-05,5.30348e+06,-235330,1.9046e+07,0.7,0
3925.08,56000,900,1.5e-05,5.29444e+06,-235979,1.93923e+07,0.7,0
3925.08,57000,900,1.5e-05,5.28541e+06,-236627,1.97387e+07,0.7,0
3925.08,58000,900,1.5e-05,5.27637e+06,-237276,2.00851e+07,0.7,0
3925.08,59000,900,1.5e-05,5.26734e+06,-237925,2.04314e+07,0.7,0
3925.08,60000,900,1.5e-05,5.2583e+06,-238574,2.07778e+07,0.7,0
3925.08,61000,900,1.5e-05,5.24927e+06,-239222,2.11241e+07,0.7,0
3925.08,62000,900,1.5e-05,5.24024e+06,-239871,2.14705e+07,0.7,0
3925.08,63000,900,1.5e-05,5.2312e+06,-240520,2.18169e+07,0.7,0
3925.08,64000,900,1.5e-05,5.22217e+06,-241169,2.21632e+07,0.7,0
3925.08,65000,900,1.5e-05,5.21313e+06,-241817,2.25096e+07,0.7,0
3925.08,66000,900,1.5e-05,5.2041e+06,-242466,2.2856e+07,0.7,0
3925.08,67000,900,1.5e-05,5.19507e+06,-243115,2.32023e+07,0.7,0
3925.08,68000,900,1.5e-05,5.18603e+06,-243764,2.35487e+07,0.7,0
3925.08,69000,900,1.5e-05,5.177e+06,-244413,2.3895e+07,0.7,0
3925.08,70000,900,1.5e-05,5.16796e+06,-245061,2.42414e+07,0.7,0
3925.08,71000,900,1.5e-05,5.15893e+06,-245710,2.45878e+07,0.7,0
3925.08,72000,900,1.5e-05,5.1499e+06,-246359,2.49341e+07,0.7,0
3925.08,73000,900,1.5e-05,5.14086e+06,-247008,2.52805e+07,0.7,0
3925.08,74000,900,1.5e-05,5.13183e+06,-247656,2.56268e+07,0.7,0
3925.08,75000,900,1.5e-05,5.12279e+06,-248305,2.59732e+07,0.7,0
3925.08,76000,900,1.5e-05,5.11376e+06,-248954,2.63196e+07,0.7,0
3925.08,77000,900,1.5e-05,5.10472e+06,-249603,2.66659e+07,0.7,0
3925.08,78000,900,1.5e-05,5.09569e+06,-250252,2.70123e+07,0.7,0
3925.08,79000,900,1.5e-05,5.08666e+06,-250900,2.73586e+07,0.7,0
3925.08,80000,900,1.5e-05,5.07762e+06,-251549,2.7705e+07,0.7,0
3925.08,81000,900,1.5e-05,5.06859e+06,-252198,2.80514e+07,0.7,0
3925.08,82000,900,1.5e-05,5.05955e+06,-252847,2.83977e+07,0.7,0
3925.08,83000,900,1.5e-05,5.05052e+06,-253495,2.87441e+07,0.7,0
3925.08,84000,900,1.5e-05,5.04149e+06,-254144,2.90904e+07,0.7,0
3925.08,85000,900,1.5e-05,5.03245e+06,-254793,2.94368e+07,0.7,0
3925.08,86000,900,1.5e-05,5.02342e+06,-255442,2.97832e+07,0.7,0
3925.08,87000,900,1.5e-05,5.01438e+06,-256091,3.01295e+07,0.7,0
3925.08,88000,900,1.5e-05,5.00535e+06,-256739,3.04759e+07,0.7,0
3925.08,89000,900,1.5e-05,4.99631e+06,-257388,3.08222e+07,0.7,0
3925.08,90000,900,1.5e-05,4.98728e+06,-258037,3.11686e+07,0.7,0
3925.08,91000,900,1.5e-05,4.97825e+06,-258686,3.1515e+07,0.7,0
3925.08,92000,900,1.5e-05,4.96921e+06,-259334,3.18613e+07,0.7,0
3925.08,93000,900,1.5e-05,4.96018e+06,-259983,3.22077e+07,0.7,0
3925.08,94000,900,1.5e-05,4.95114e+06,-260632,3.2554e+07,0.7,0
3925.08,95000,900,1.5e-05,4.94211e+06,-261281,3.29004e+07,0.7,0
3925.08,96000,900,1.5e-05,4.93308e+06,-261930,3.32468e+07,0.7,0
3925.08,97000,900,1.5e-05,4.92404e+06,-262578,3.35931e+07,0.7,0
3925.08,98000,900,1.5e-05,4.91501e+06,-263227,3.39395e+07,0.7,0
3925.08,99000,900,1.5e-05,4.90597e+06,-263876,3.42858e+07,0.7,0
3925.08,100000,900,1.5e-05,4.89694e+06,-264525,3.46322e+07,0.7,0
5760.89,0,880,1.3e-05,5.88804e+06,-111955,0,0.7,0
5760.89,1000,880,1.3e-05,5.87967e+06,-111947,338664,0.7,0
5760.89,2000,900,1.5e-05,5.87129e+06,-111938,681176,0.7,0
5760.89,3000,900,1.5e-05,5.86258e+06,-112265,1.02754e+06,0.7,0
5760.89,4000,900,1.5e-05,5.85387e+06,-112592,1.3739e+06,0.7,0
5760.89,5000,900,1.5e-05,5.84515e+06,-112920,1.72026e+06,0.7,0
5760.89,6000,900,1.5e-05,5.83644e+06,-113247,2.06662e+06,0.7,0
5760.89,7000,900,1.5e-05,5.82773e+06,-113574,2.41298e+06,0.7,0
5760.89,8000,900,1.5e-05,5.81902e+06,-113901,2.75934e+06,0.7,0
5760.89,9000,900,1.5e-05,5.8103e+06,-114229,3.1057e+06,0.7,0
5760.89,10000,900,1.5e-05,5.80159e+06,-114556,3.45206e+06,0.7,0
5760.89,11000,900,1.5e-05,5.79288e+06,-114883,3.79842e+06,0.7,0
5760.89,12000,900,1.5e-05,5.78417e+06,-115210,4.14478e+06,0.7,0
5760.89,13000,900,1.5e-05,5.77545e+06,-115538,4.49114e+06,0.7,0
5760.89,14000,900,1.5e-05,5.76674e+06,-115865,4.8375e+06,0.7,0
5760.89,15000,900,1.5e-05,5.75803e+06,-116192,5.18386e+06,0.7,0
5760.89,16000,900,1.5e-05,5.74931e+06,-116519,5.53022e+06,0.7,0
5760.89,17000,900,1.5e-05,5.7406e+06,-116847,5.87658e+06,0.7,0
5760.89,18000,900,1.5e-05,5.73189e+06,-117174,6.22295e+06,0.7,0
5760.89,19000,900,1.5e-05,5.72318e+06,-117501,6.56931e+06,0.7,0
5760.89,20000,900,1.5e-05,5.71446e+06,-117828,6.91567e+06,0.7,0
5760.89,21000,900,1.5e-05,5.70575e+06,-118156,7.26203e+06,0.7,0
5760.89,22000,900,1.5e-05,5.69704e+06,-118483,7.60839e+06,0.7,0
5760.89,23000,900,1.5e-05,5.68833e+06,-118810,7.95475e+06,0.7,0
5760.89,24000,900,1.5e-05,5.67961e+06,-119137,8.30111e+06,0.7,0
5760.89,25000,900,1.5e-05,5.6709e+06,-119464,8.64747e+06,0.7,0
5760.89,26000,900,1.5e-05,5.66219e+06,-119792,8.99383e+06,0.7,0
5760.89,27000,900,1.5e-05,5.65348e+06,-120119,9.34019e+06,0.7,0
5760.89,28000,900,1.5e-05,5.64476e+06,-120446,9.68655e+06,0.7,0
5760.89,29000,900,1.5e-05,5.63605e+06,-120773,1.00329e+07,0.7,0
5760.89,30000,900,1.5e-05,5.62734e+06,-121101,1.03793e+07,0.7,0
5760.89,31000,900,1.5e-05,5.61863e+06,-121428,1.07256e+07,0.7,0
5760.89,32000,900,1.5e-05,5.60991e+06,-121755,1.1072e+07,0.7,0
5760.89,33000,900,1.5e-05,5.6012e+06,-122082,1.14184e+07,0.7,0
5760.89,34000,900,1.5e-05,5.59249e+06,-122410,1.17647e+07,0.7,0
5760.89,35000,900,1.5e-05,5.58378e+06,-122737,1.21111e+07,0.7,0
5760.89,36000,900,1.5e-05,5.57506e+06,-123064,1.24574e+07,0.7,0
5760.89,37000,900,1.5e-05,5.56635e+06,-123391,1.28038e+07,0.7,0
5760.89,38000,900,1.5e-05,5.55764e+06,-123719,1.31502e+07,0.7,0
5760.89,39000,900,1.5e-05,5.54892e+06,-124046,1.34965e+07,0.7,0
5760.89,40000,900,1.5e-05,5.54021e+06,-124373,1.38429e+07,0.7,0
5760.89,41000,900,1.5e-05,5.5315e+06,-124700,1.41892e+07,0.7,0
5760.89,42000,900,1.5e-05,5.52279e+06,-125028,1.45356e+07,0.7,0
5760.89,43000,900,1.5e-05,5.51407e+06,-125355,1.4882e+07,0.7,0
5760.89,44000,900,1.5e-05,5.50536e+06,-125682,1.52283e+07,0.7,0
5760.89,45000,900,1.5e-05,5.49665e+06,-126009,1.55747e+07,0.7,0
5760.89,46000,900,1.5e-05,5.48794e+06,-126337,1.5921e+07,0.7,0
5760.89,47000,900,1.5e-05,5.47922e+06,-126664,1.62674e+07,0.7,0
5760.89,48000,900,1.5e-05,5.47051e+06,-126991,1.66138e+07,0.7,0
5760.89,49000,900,1.5e-05,5.4618e+06,-127318,1.69601e+07,0.7,0
5760.89,50000,900,1.5e-05,5.45309e+06,-127646,1.73065e+07,0.7,0
5760.89,51000,900,1.5e-05,5.44437e+06,-127973,1.76528e+07,0.7,0
5760.89,52000,900,1.5e-05,5.43566e+06,-128300,1.79992e+07,0.7,0
5760.89,53000,900,1.5e-05,5.42695e+06,-128627,1.83456e+07,0.7,0
5760.89,54000,900,1.5e-05,5.41824e+06,-128955,1.86919e+07,0.7,0
5760.89,55000,900,1.5e-05,5.40952e+06,-129282,1.90383e+07,0.7,0
5760.89,56000,900,1.5e-05,5.40081e+06,-129609,1.93846e+07,0.7,0
5760.89,57000,900,1.5e-05,5.3921e+06,-129936,1.9731e+07,0.7,0
5760.89,58000,900,1.5e-05,5.38339e+06,-130264,2.00774e+07,0.7,0
5760.89,59000,900,1.5e-05,5.37467e+06,-130591,2.04237e+07,0.7,0
5760.89,60000,900,1.5e-05,5.36596e+06,-130918,2.07701e+07,0.7,0
5760.89,61000,900,1.5e-05,5.35725e+06,-131245,2.11165e+07,0.7,0
5760.89,62000,900,1.5e-05,5.34853e+06,-131573,2.14628e+07,0.7,0
5760.89,63000,900,1.5e-05,5.33982e+06,-131900,2.18092e+07,0.7,0
5760.89,64000,900,1.5e-05,5.33111e+06,-132227,2.21555e+07,0.7,0
5760.89,65000,900,1.5e-05,5.3224e+06,-132554,2.25019e+07,0.7,0
5760.89,66000,900,1.5e-05,5.31368e+06,-132882,2.28483e+07,0.7,0
5760.89,67000,900,1.5e-05,5.30497e+06,-133209,2.31946e+07,0.7,0
5760.89,68000,900,1.5e-05,5.29626e+06,-133536,2.3541e+07,0.7,0
5760.89,69000,900,1.5e-05,5.28755e+06,-133863,2.38873e+07,0.7,0
5760.89,70000,900,1.5e-05,5.27883e+06,-134191,2.42337e+07,0.7,0
5760.89,71000,900,1.5e-05,5.27012e+06,-134518,2.45801e+07,0.7,0
5760.89,72000,900,1.5e-05,5.26141e+06,-134845,2.49264e+07,0.7,0
5760.89,73000,900,1.5e-05,5.2527e+06,-135172,2.52728e+07,0.7,0
5760.89,74000,900,1.5e-05,5.24398e+06,-135500,2.56191e+07,0.7,0
5760.89,75000,900,1.5e-05,5.23527e+06,-135827,2.59655e+07,0.7,0
5760.89,76000,900,1.5e-05,5.22656e+06,-136154,2.63119e+07,0.7,0
5760.89,77000,900,1.5e-05,5.21785e+06,-136481,2.66582e+07,0.7,0
5760.89,78000,900,1.5e-05,5.20913e+06,-136809,2.70046e+07,0.7,0
5760.89,79000,900,1.5e-05,5.20042e+06,-137136,2.73509e+07,0.7,0
5760.89,80000,900,1.5e-05,5.19171e+06,-137463,2.76973e+07,0.7,0
5760.89,81000,900,1.5e-05,5.183e+06,-137790,2.80437e+07,0.7,0
5760.89,82000,900,1.5e-05,5.17428e+06,-138118,2.839e+07,0.7,0
5760.89,83000,900,1.5e-05,5.16557e+06,-138445,2.87364e+07,0.7,0
5760.89,84000,900,1.5e-05,5.15686e+06,-138772,2.90827e+07,0.7,0
5760.89,85000,900,1.5e-05,5.14814e+06,-139099,2.94291e+07,0.7,0
5760.89,86000,900,1.5e-05,5.13943e+06,-139427,2.97755e+07,0.7,0
5760.89,87000,900,1.5e-05,5.13072e+06,-139754,3.01218e+07,0.7,0
5760.89,88000,900,1.5e-05,5.12201e+06,-140081,3.04682e+07,0.7,0
5760.89,89000,900,1.5e-05,5.11329e+06,-140408,3.08145e+07,0.7,0
5760.89,90000,900,1.5e-05,5.10458e+06,-140736,3.11609e+07,0.7,0
5760.89,91000,900,1.5e-05,5.09587e+06,-141063,3.15073e+07,0.7,0
5760.89,92000,900,1.5e-05,5.08716e+06,-141390,3.18536e+07,0.7,0
5760.89,93000,900,1.5e-05,5.07844e+06,-141717,3.22e+07,0.7,0
5760.89,94000,900,1.5e-05,5.06973e+06,-142045,3.25464e+07,0.7,0
5760.89,95000,900,1.5e-05,5.06102e+06,-142372,3.28927e+07,0.7,0
5760.89,96000,900,1.5e-05,5.05231e+06,-142699,3.32391e+07,0.7,0
5760.89,97000,900,1.5e-05,5.04359e+06,-143026,3.35854e+07,0.7,0
5760.89,98000,900,1.5e-05,5.03488e+06,-143353,3.39318e+07,0.7,0
5760.89,99000,900,1.5e-05,5.02617e+06,-143681,3.42782e+07,0.7,0
5760.89,100000,900,1.5e-05,5.01746e+06,-144008,3.46245e+07,0.7,0
7673.63,0,888.804,1.38804e-05,5.9e+06,-100000,0,0.7,0
7673.63,1000,880,1.3e-05,5.89211e+06,-99509.5,340358,0.7,0
7673.63,2000,880,1.3e-05,5.88434e+06,-98885.6,679022,0.7,0
7673.63,3000,900,1.5e-05,5.87658e+06,-98261.8,1.02153e+06,0.7,0
7673.63,4000,900,1.5e-05,5.86852e+06,-97939.3,1.36789e+06,0.7,0
7673.63,5000,900,1.5e-05,5.86046e+06,-97616.9,1.71425e+06,0.7,0
7673.63,6000,900,1.5e-05,5.85239e+06,-97294.4,2.06062e+06,0.7,0
7673.63,7000,900,1.5e-05,5.84433e+06,-96972,2.40698e+06,0.7,0
7673.63,8000,900,1.5e-05,5.83627e+06,-96649.6,2.75334e+06,0.7,0
7673.63,9000,900,1.5e-05,5.8282e+06,-96327.1,3.0997e+06,0.7,0
7673.63,10000,900,1.5e-05,5.82014e+06,-96004.7,3.44606e+06,0.7,0
7673.63,11000,900,1.5e-05,5.81208e+06,-95682.2,3.79242e+06,0.7,0
7673.63,12000,900,1.5e-05,5.80402e+06,-95359.8,4.13878e+06,0.7,0
7673.63,13000,900,1.5e-05,5.79595e+06,-95037.3,4.48514e+06,0.7,0
7673.63,14000,900,1.5e-05,5.78789e+06,-94714.9,4.8315e+06,0.7,0
7673.63,15000,900,1.5e-05,5.77983e+06,-94392.5,5.17786e+06,0.7,0
7673.63,16000,900,1.5e-05,5.77176e+06,-94070,5.52422e+06,0.7,0
7673.63,17000,900,1.5e-05,5.7637e+06,-93747.6,5.87058e+06,0.7,0
7673.63,18000,900,1.5e-05,5.75564e+06,-93425.1,6.21694e+06,0.7,0
7673.63,19000,900,1.5e-05,5.74758e+06,-93102.7,6.5633e+06,0.7,0
7673.63,20000,900,1.5e-05,5.73951e+06,-92780.3,6.90966e+06,0.7,0
7673.63,21000,900,1.5e-05,5.73145e+06,-92457.8,7.25602e+06,0.7,0
7673.63,22000,900,1.5e-05,5.72339e+06,-92135.4,7.60238e+06,0.7,0
7673.63,23000,900,1.5e-05,5.71532e+06,-91812.9,7.94875e+06,0.7,0
7673.63,24000,900,1.5e-05,5.70726e+06,-91490.5,8.29511e+06,0.7,0
7673.63,25000,900,1.5e-05,5.6992e+06,-91168.1,8.64147e+06,0.7,0
7673.63,26000,900,1.5e-05,5.69113e+06,-90845.6,8.98783e+06,0.7,0
7673.63,27000,900,1.5e-05,5.68307e+06,-90523.2,9.33419e+06,0.7,0
7673.63,28000,900,1.5e-05,5.67501e+06,-90200.7,9.68055e+06,0.7,0
7673.63,29000,900,1.5e-05,5.66695e+06,-89878.3,1.00269e+07,0.7,0
7673.63,30000,900,1.5e-05,5.65888e+06,-89555.9,1.03733e+07,0.7,0
7673.63,31000,900,1.5e-05,5.65082e+06,-89233.4,1.07196e+07,0.7,0
7673.63,32000,900,1.5e-05,5.64276e+06,-88911,1.1066e+07,0.7,0
7673.63,33000,900,1.5e-05,5.63469e+06,-88588.5,1.14124e+07,0.7,0
7673.63,34000,900,1.5e-05,5.62663e+06,-88266.1,1.17587e+07,0.7,0
7673.63,35000,900,1.5e-05,5.61857e+06,-87943.6,1.21051e+07,0.7,0
7673.63,36000,900,1.5e-05,5.61051e+06,-87621.2,1.24514e+07,0.7,0
7673.63,37000,900,1.5e-05,5.60244e+06,-87298.8,1.27978e+07,0.7,0
7673.63,38000,900,1.5e-05,5.59438e+06,-86976.3,1.31442e+07,0.7,0
7673.63,39000,900,1.5e-05,5.58632e+06,-86653.9,1.34905e+07,0.7,0
7673.63,40000,900,1.5e-05,5.57825e+06,-86331.4,1.38369e+07,0.7,0
7673.63,41000,900,1.5e-05,5.57019e+06,-86009,1.41832e+07,0.7,0
7673.63,42000,900,1.5e-05,5.56213e+06,-85686.6,1.45296e+07,0.7,0
7673.63,43000,900,1.5e-05,5.55407e+06,-85364.1,1.4876e+07,0.7,0
7673.63,44000,900,1.5e-05,5.546e+06,-85041.7,1.52223e+07,0.7,0
7673.63,45000,900,1.5e-05,5.53794e+06,-84719.2,1.55687e+07,0.7,0
7673.63,46000,900,1.5e-05,5.52988e+06,-84396.8,1.5915e+07,0.7,0
7673.63,47000,900,1.5e-05,5.52181e+06,-84074.4,1.62614e+07,0.7,0
7673.63,48000,900,1.5e-05,5.51375e+06,-83751.9,1.66078e+07,0.7,0
7673.63,49000,900,1.5e-05,5.50569e+06,-83429.5,1.69541e+07,0.7,0
7673.63,50000,900,1.5e-05,5.49762e+06,-83107,1.73005e+07,0.7,0
7673.63,51000,900,1.5e-05,5.48956e+06,-82784.6,1.76468e+07,0.7,0
7673.63,52000,900,1.5e-05,5.4815e+06,-82462.1,1.79932e+07,0.7,0
7673.63,53000,900,1.5e-05,5.47344e+06,-82139.7,1.83396e+07,0.7,0
7673.63,54000,900,1.5e-05,5.46537e+06,-81817.3,1.86859e+07,0.7,0
7673.63,55000,900,1.5e-05,5.45731e+06,-81494.8,1.90323e+07,0.7,0
7673.63,56000,900,1.5e-05,5.44925e+06,-81172.4,1.93786e+07,0.7,0
7673.63,57000,900,1.5e-05,5.44118e+06,-80849.9,1.9725e+07,0.7,0
7673.63,58000,900,1.5e-05,5.43312e+06,-80527.5,2.00714e+07,0.7,0
7673.63,59000,900,1.5e-05,5.42506e+06,-80205.1,2.04177e+07,0.7,0
7673.63,60000,900,1.5e-05,5.417e+06,-79882.6,2.07641e+07,0.7,0
7673.63,61000,900,1.5e-05,5.40893e+06,-79560.2,2.11104e+07,0.7,0
7673.63,62000,900,1.5e-05,5.40087e+06,-79237.7,2.14568e+07,0.7,0
7673.63,63000,900,1.5e-05,5.39281e+06,-78915.3,2.18032e+07,0.7,0
7673.63,64000,900,1.5e-05,5.38474e+06,-78592.9,2.21495e+07,0.7,0
7673.63,65000,900,1.5e-05,5.37668e+06,-78270.4,2.24959e+07,0.7,0
7673.63,66000,900,1.5e-05,5.36862e+06,-77948,2.28423e+07,0.7,0
7673.63,67000,900,1.5e-05,5.36056e+06,-77625.5,2.31886e+07,0.7,0
7673.63,68000,900,1.5e-05,5.35249e+06,-77303.1,2.3535e+07,0.7,0
7673.63,69000,900,1.5e-05,5.34443e+06,-76980.7,2.38813e+07,0.7,0
7673.63,70000,900,1.5e-05,5.33637e+06,-76658.2,2.42277e+07,0.7,0
7673.63,71000,900,1.5e-05,5.3283e+06,-76335.8,2.45741e+07,0.7,0
7673.63,72000,900,1.5e-05,5.32024e+06,-76013.3,2.49204e+07,0.7,0
7673.63,73000,900,1.5e-05,5.31218e+06,-75690.9,2.52668e+07,0.7,0
7673.63,74000,900,1.5e-05,5.30411e+06,-75368.4,2.56131e+07,0.7,0
7673.63,75000,900,1.5e-05,5.29605e+06,-75046,2.59595e+07,0.7,0
7673.63,76000,900,1.5e-05,5.28799e+06,-74723.6,2.63059e+07,0.7,0
7673.63,77000,900,1.5e-05,5.27993e+06,-74401.1,2.66522e+07,0.7,0
7673.63,78000,900,1.5e-05,5.27186e+06,-74078.7,2.69986e+07,0.7,0
7673.63,79000,900,1.5e-05,5.2638e+06,-73756.2,2.73449e+07,0.7,0
7673.63,80000,900,1.5e-05,5.25574e+06,-73433.8,2.76913e+07,0.7,0
7673.63,81000,900,1.5e-05,5.24767e+06,-73111.4,2.80377e+07,0.7,0
7673.63,82000,900,1.5e-05,5.23961e+06,-72788.9,2.8384e+07,0.7,0
7673.63,83000,900,1.5e-05,5.23155e+06,-72466.5,2.87304e+07,0.7,0
7673.63,84000,900,1.5e-05,5.22349e+06,-72144,2.90767e+07,0.7,0
7673.63,85000,900,1.5e-05,5.21542e+06,-71821.6,2.94231e+07,0.7,0
7673.63,86000,900,1.5e-05,5.20736e+06,-71499.2,2.97695e+07,0.7,0
7673.63,87000,900,1.5e-05,5.1993e+06,-71176.7,3.01158e+07,0.7,0
7673.63,88000,900,1.5e-05,5.19123e+06,-70854.3,3.04622e+07,0.7,0
7673.63,89000,900,1.5e-05,5.18317e+06,-70531.8,3.08085e+07,0.7,0
7673.63,90000,900,1.5e-05,5.17511e+06,-70209.4,3.11549e+07,0.7,0
7673.63,91000,900,1.5e-05,5.16705e+06,-69887,3.15013e+07,0.7,0
7673.63,92000,900,1.5e-05,5.15898e+06,-69564.5,3.18476e+07,0.7,0
7673.63,93000,900,1.5e-05,5.15092e+06,-69242.1,3.2194e+07,0.7,0
7673.63,94000,900,1.5e-05,5.14286e+06,-68919.6,3.25403e+07,0.7,0
7673.63,95000,900,1.5e-05,5.13479e+06,-68597.2,3.28867e+07,0.7,0
7673.63,96000,900,1.5e-05,5.12673e+06,-68274.7,3.32331e+07,0.7,0
7673.63,97000,900,1.5e-05,5.11867e+06,-67952.3,3.35794e+07,0.7,0
7673.63,98000,900,1.5e-05,5.1106e+06,-67629.9,3.39258e+07,0.7,0
7673.63,99000,900,1.5e-05,5.10254e+06,-67307.4,3.42722e+07,0.7,0
7673.63,100000,900,1.5e-05,5.09448e+06,-66985,3.46185e+07,0.7,0
9773.52,0,890,1.4e-05,5.81132e+06,-188676,0,0.7,0
9773.52,1000,888.804,1.38804e-05,5.80258e+06,-189036,342282,0.7,0
9773.52,2000,880,1.3e-05,5.79385e+06,-189375,682640,0.7,0
9773.52,3000,880,1.3e-05,5.78528e+06,-189560,1.0213e+06,0.7,0
9773.52,4000,900,1.5e-05,5.77671e+06,-189746,1.36382e+06,0.7,0
9773.52,5000,900,1.5e-05,5.7678e+06,-190278,1.71018e+06,0.7,0
9773.52,6000,900,1.5e-05,5.75888e+06,-190810,2.05654e+06,0.7,0
9773.52,7000,900,1.5e-05,5.74996e+06,-191343,2.4029e+06,0.7,0
9773.52,8000,900,1.5e-05,5.74104e+06,-191875,2.74926e+06,0.7,0
9773.52,9000,900,1.5e-05,5.73212e+06,-192407,3.09562e+06,0.7,0
9773.52,10000,900,1.5e-05,5.72321e+06,-192940,3.44198e+06,0.7,0
9773.52,11000,900,1.5e-05,5.71429e+06,-193472,3.78834e+06,0.7,0
9773.52,12000,900,1.5e-05,5.70537e+06,-194004,4.1347e+06,0.7,0
9773.52,13000,900,1.5e-05,5.69645e+06,-194537,4.48106e+06,0.7,0
9773.52,14000,900,1.5e-05,5.68754e+06,-195069,4.82742e+06,0.7,0
9773.52,15000,900,1.5e-05,5.67862e+06,-195601,5.17378e+06,0.7,0
9773.52,16000,900,1.5e-05,5.6697e+06,-196134,5.52014e+06,0.7,0
9773.52,17000,900,1.5e-05,5.66078e+06,-196666,5.8665e+06,0.7,0
9773.52,18000,900,1.5e-05,5.65187e+06,-197198,6.21286e+06,0.7,0
9773.52,19000,900,1.5e-05,5.64295e+06,-197730,6.55922e+06,0.7,0
9773.52,20000,900,1.5e-05,5.63403e+06,-198263,6.90559e+06,0.7,0
9773.52,21000,900,1.5e-05,5.62511e+06,-198795,7.25195e+06,0.7,0
9773.52,22000,900,1.5e-05,5.61619e+06,-199327,7.59831e+06,0.7,0
9773.52,23000,900,1.5e-05,5.60728e+06,-199860,7.94467e+06,0.7,0
9773.52,24000,900,1.5e-05,5.59836e+06,-200392,8.29103e+06,0.7,0
9773.52,25000,900,1.5e-05,5.58944e+06,-200924,8.63739e+06,0.7,0
9773.52,26000,900,1.5e-05,5.58052e+06,-201457,8.98375e+06,0.7,0
9773.52,27000,900,1.5e-05,5.57161e+06,-201989,9.33011e+06,0.7,0
9773.52,28000,900,1.5e-05,5.56269e+06,-202521,9.67647e+06,0.7,0
9773.52,29000,900,1.5e-05,5.55377e+06,-203054,1.00228e+07,0.7,0
9773.52,30000,900,1.5e-05,5.54485e+06,-203586,1.03692e+07,0.7,0
9773.52,31000,900,1.5e-05,5.53594e+06,-204118,1.07156e+07,0.7,0
9773.52,32000,900,1.5e-05,5.52702e+06,-204651,1.10619e+07,0.7,0
9773.52,33000,900,1.5e-05,5.5181e+06,-205183,1.14083e+07,0.7,0
9773.52,34000,900,1.5e-05,5.50918e+06,-205715,1.17546e+07,0.7,0
9773.52,35000,900,1.5e-05,5.50026e+06,-206248,1.2101e+07,0.7,0
9773.52,36000,900,1.5e-05,5.49135e+06,-206780,1.24474e+07,0.7,0
9773.52,37000,900,1.5e-05,5.48243e+06,-207312,1.27937e+07,0.7,0
9773.52,38000,900,1.5e-05,5.47351e+06,-207844,1.31401e+07,0.7,0
9773.52,39000,900,1.5e-05,5.46459e+06,-208377,1.34864e+07,0.7,0
9773.52,40000,900,1.5e-05,5.45568e+06,-208909,1.38328e+07,0.7,0
9773.52,41000,900,1.5e-05,5.44676e+06,-209441,1.41792e+07,0.7,0
9773.52,42000,900,1.5e-05,5.43784e+06,-209974,1.45255e+07,0.7,0
9773.52,43000,900,1.5e-05,5.42892e+06,-210506,1.48719e+07,0.7,0
9773.52,44000,900,1.5e-05,5.42001e+06,-211038,1.52182e+07,0.7,0
9773.52,45000,900,1.5e-05,5.41109e+06,-211571,1.55646e+07,0.7,0
9773.52,46000,900,1.5e-05,5.40217e+06,-212103,1.5911e+07,0.7,0
9773.52,47000,900,1.5e-05,5.39325e+06,-212635,1.62573e+07,0.7,0
9773.52,48000,900,1.5e-05,5.38434e+06,-213168,1.66037e+07,0.7,0
9773.52,49000,900,1.5e-05,5.37542e+06,-213700,1.695e+07,0.7,0
9773.52,50000,900,1.5e-05,5.3665e+06,-214232,1.72964e+07,0.7,0
9773.52,51000,900,1.5e-05,5.35758e+06,-214765,1.76428e+07,0.7,0
9773.52,52000,900,1.5e-05,5.34866e+06,-215297,1.79891e+07,0.7,0
9773.52,53000,900,1.5e-05,5.33975e+06,-215829,1.83355e+07,0.7,0
9773.52,54000,900,1.5e-05,5.33083e+06,-216361,1.86818e+07,0.7,0
9773.52,55000,900,1.5e-05,5.32191e+06,-216894,1.90282e+07,0.7,0
9773.52,56000,900,1.5e-05,5.31299e+06,-217426,1.93746e+07,0.7,0
9773.52,57000,900,1.5e-05,5.30408e+06,-217958,1.97209e+07,0.7,0
9773.52,58000,900,1.5e-05,5.29516e+06,-218491,2.00673e+07,0.7,0
9773.52,59000,900,1.5e-05,5.28624e+06,-219023,2.04136e+07,0.7,0
9773.52,60000,900,1.5e-05,5.27732e+06,-219555,2.076e+07,0.7,0
9773.52,61000,900,1.5e-05,5.26841e+06,-220088,2.11064e+07,0.7,0
9773.52,62000,900,1.5e-05,5.25949e+06,-220620,2.14527e+07,0.7,0
9773.52,63000,900,1.5e-05,5.25057e+06,-221152,2.17991e+07,0.7,0
9773.52,64000,900,1.5e-05,5.24165e+06,-221685,2.21455e+07,0.7,0
9773.52,65000,900,1.5e-05,5.23273e+06,-222217,2.24918e+07,0.7,0
9773.52,66000,900,1.5e-05,5.22382e+06,-222749,2.28382e+07,0.7,0
9773.52,67000,900,1.5e-05,5.2149e+06,-223282,2.31845e+07,0.7,0
9773.52,68000,900,1.5e-05,5.20598e+06,-223814,2.35309e+07,0.7,0
9773.52,69000,900,1.5e-05,5.19706e+06,-224346,2.38773e+07,0.7,0
9773.52,70000,900,1.5e-05,5.18815e+06,-224879,2.42236e+07,0.7,0
9773.52,71000,900,1.5e-05,5.17923e+06,-225411,2.457e+07,0.7,0
9773.52,72000,900,1.5e-05,5.17031e+06,-225943,2.49163e+07,0.7,0
9773.52,73000,900,1.5e-05,5.16139e+06,-226475,2.52627e+07,0.7,0
9773.52,74000,900,1.5e-05,5.15248e+06,-227008,2.56091e+07,0.7,0
9773.52,75000,900,1.5e-05,5.14356e+06,-227540,2.59554e+07,0.7,0
9773.52,76000,900,1.5e-05,5.13464e+06,-228072,2.63018e+07,0.7,0
9773.52,77000,900,1.5e-05,5.12572e+06,-228605,2.66481e+07,0.7,0
9773.52,78000,900,1.5e-05,5.1168e+06,-229137,2.69945e+07,0.7,0
9773.52,79000,900,1.5e-05,5.10789e+06,-229669,2.73409e+07,0.7,0
9773.52,80000,900,1.5e-05,5.09897e+06,-230202,2.76872e+07,0.7,0
9773.52,81000,900,1.5e-05,5.09005e+06,-230734,2.80336e+07,0.7,0
9773.52,82000,900,1.5e-05,5.08113e+06,-231266,2.83799e+07,0.7,0
9773.52,83000,900,1.5e-05,5.07222e+06,-231799,2.87263e+07,0.7,0
9773.52,84000,900,1.5e-05,5.0633e+06,-232331,2.90727e+07,0.7,0
9773.52,85000,900,1.5e-05,5.05438e+06,-232863,2.9419e+07,0.7,0
9773.52,86000,900,1.5e-05,5.04546e+06,-233396,2.97654e+07,0.7,0
9773.52,87000,900,1.5e-05,5.03655e+06,-233928,3.01117e+07,0.7,0
9773.52,88000,900,1.5e-05,5.02763e+06,-234460,3.04581e+07,0.7,0
9773.52,89000,900,1.5e-05,5.01871e+06,-234992,3.08045e+07,0.7,0
9773.52,90000,900,1.5e-05,5.00979e+06,-235525,3.11508e+07,0.7,0
9773.52,91000,900,1.5e-05,5.00087e+06,-236057,3.14972e+07,0.7,0
9773.52,92000,900,1.5e-05,4.99196e+06,-236589,3.18435e+07,0.7,0
9773.52,93000,900,1.5e-05,4.98304e+06,-237122,3.21899e+07,0.7,0
9773.52,94000,900,1.5e-05,4.97412e+06,-237654,3.25363e+07,0.7,0
9773.52,95000,900,1.5e-05,4.9652e+06,-238186,3.28826e+07,0.7,0
9773.52,96000,900,1.5e-05,4.95629e+06,-238719,3.3229e+07,0.7,0
9773.52,97000,900,1.5e-05,4.94737e+06,-239251,3.35754e+07,0.7,0
9773.52,98000,900,1.5e-05,4.93845e+06,-239783,3.39217e+07,0.7,0
9773.52,99000,900,1.5e-05,4.92953e+06,-240316,3.42681e+07,0.7,0
9773.52,100000,900,1.5e-05,4.92062e+06,-240848,3.46144e+07,0.7,0
11636.2,0,881.132,1.31132e-05,5.8e+06,-200000,0,0.7,0
11636.2,1000,890,1.4e-05,5.79128e+06,-200330,340806,0.7,0
11636.2,2000,888.804,1.38804e-05,5.78241e+06,-200817,683088,0.7,0
11636.2,3000,880,1.3e-05,5.77356e+06,-201283,1.02345e+06,0.7,0
11636.2,4000,880,1.3e-05,5.76487e+06,-201593,1.36211e+06,0.7,0
11636.2,5000,900,1.5e-05,5.75617e+06,-201902,1.70462e+06,0.7,0
11636.2,6000,900,1.5e-05,5.74712e+06,-202566,2.05098e+06,0.7,0
11636.2,7000,900,1.5e-05,5.73807e+06,-203229,2.39734e+06,0.7,0
11636.2,8000,900,1.5e-05,5.72902e+06,-203892,2.7437e+06,0.7,0
11636.2,9000,900,1.5e-05,5.71998e+06,-204556,3.09006e+06,0.7,0
11636.2,10000,900,1.5e-05,5.71093e+06,-205219,3.43642e+06,0.7,0
11636.2,11000,900,1.5e-05,5.70188e+06,-205882,3.78279e+06,0.7,0
11636.2,12000,900,1.5e-05,5.69283e+06,-206545,4.12915e+06,0.7,0
11636.2,13000,900,1.5e-05,5.68378e+06,-207209,4.47551e+06,0.7,0
11636.2,14000,900,1.5e-05,5.67473e+06,-207872,4.82187e+06,0.7,0
11636.2,15000,900,1.5e-05,5.66568e+06,-208535,5.16823e+06,0.7,0
11636.2,16000,900,1.5e-05,5.65664e+06,-209199,5.51459e+06,0.7,0
11636.2,17000,900,1.5e-05,5.64759e+06,-209862,5.86095e+06,0.7,0
11636.2,18000,900,1.5e-05,5.63854e+06,-210525,6.20731e+06,0.7,0
11636.2,19000,900,1.5e-05,5.62949e+06,-211189,6.55367e+06,0.7,0
11636.2,20000,900,1.5e-05,5.62044e+06,-211852,6.90003e+06,0.7,0
11636.2,21000,900,1.5e-05,5.61139e+06,-212515,7.24639e+06,0.7,0
11636.2,22000,900,1.5e-05,5.60234e+06,-213178,7.59275e+06,0.7,0
11636.2,23000,900,1.5e-05,5.59329e+06,-213842,7.93911e+06,0.7,0
11636.2,24000,900,1.5e-05,5.58425e+06,-214505,8.28547e+06,0.7,0
11636.2,25000,900,1.5e-05,5.5752e+06,-215168,8.63183e+06,0.7,0
11636.2,26000,900,1.5e-05,5.56615e+06,-215832,8.97819e+06,0.7,0
11636.2,27000,900,1.5e-05,5.5571e+06,-216495,9.32455e+06,0.7,0
11636.2,28000,900,1.5e-05,5.54805e+06,-217158,9.67092e+06,0.7,0
11636.2,29000,900,1.5e-05,5.539e+06,-217822,1.00173e+07,0.7,0
11636.2,30000,900,1.5e-05,5.52995e+06,-218485,1.03636e+07,0.7,0
11636.2,31000,900,1.5e-05,5.52091e+06,-219148,1.071e+07,0.7,0
11636.2,32000,900,1.5e-05,5.51186e+06,-219811,1.10564e+07,0.7,0
11636.2,33000,900,1.5e-05,5.50281e+06,-220475,1.14027e+07,0.7,0
11636.2,34000,900,1.5e-05,5.49376e+06,-221138,1.17491e+07,0.7,0
11636.2,35000,900,1.5e-05,5.48471e+06,-221801,1.20954e+07,0.7,0
11636.2,36000,900,1.5e-05,5.47566e+06,-222465,1.24418e+07,0.7,0
11636.2,37000,900,1.5e-05,5.46661e+06,-223128,1.27882e+07,0.7,0
11636.2,38000,900,1.5e-05,5.45756e+06,-223791,1.31345e+07,0.7,0
11636.2,39000,900,1.5e-05,5.44852e+06,-224455,1.34809e+07,0.7,0
11636.2,40000,900,1.5e-05,5.43947e+06,-225118,1.38272e+07,0.7,0
11636.2,41000,900,1.5e-05,5.43042e+06,-225781,1.41736e+07,0.7,0
11636.2,42000,900,1.5e-05,5.42137e+06,-226445,1.452e+07,0.7,0
11636.2,43000,900,1.5e-05,5.41232e+06,-227108,1.48663e+07,0.7,0
11636.2,44000,900,1.5e-05,5.40327e+06,-227771,1.52127e+07,0.7,0
11636.2,45000,900,1.5e-05,5.39422e+06,-228434,1.5559e+07,0.7,0
11636.2,46000,900,1.5e-05,5.38518e+06,-229098,1.59054e+07,0.7,0
11636.2,47000,900,1.5e-05,5.37613e+06,-229761,1.62518e+07,0.7,0
11636.2,48000,900,1.5e-05,5.36708e+06,-230424,1.65981e+07,0.7,0
11636.2,49000,900,1.5e-05,5.35803e+06,-231088,1.69445e+07,0.7,0
11636.2,50000,900,1.5e-05,5.34898e+06,-231751,1.72908e+07,0.7,0
11636.2,51000,900,1.5e-05,5.33993e+06,-232414,1.76372e+07,0.7,0
11636.2,52000,900,1.5e-05,5.33088e+06,-233078,1.79836e+07,0.7,0
11636.2,53000,900,1.5e-05,5.32183e+06,-233741,1.83299e+07,0.7,0
11636.2,54000,900,1.5e-05,5.31279e+06,-234404,1.86763e+07,0.7,0
11636.2,55000,900,1.5e-05,5.30374e+06,-235067,1.90227e+07,0.7,0
11636.2,56000,900,1.5e-05,5.29469e+06,-235731,1.9369e+07,0.7,0
11636.2,57000,900,1.5e-05,5.28564e+06,-236394,1.97154e+07,0.7,0
11636.2,58000,900,1.5e-05,5.27659e+06,-237057,2.00617e+07,0.7,0
11636.2,59000,900,1.5e-05,5.26754e+06,-237721,2.04081e+07,0.7,0
11636.2,60000,900,1.5e-05,5.25849e+06,-238384,2.07545e+07,0.7,0
11636.2,61000,900,1.5e-05,5.24945e+06,-239047,2.11008e+07,0.7,0
11636.2,62000,900,1.5e-05,5.2404e+06,-239711,2.14472e+07,0.7,0
11636.2,63000,900,1.5e-05,5.23135e+06,-240374,2.17935e+07,0.7,0
11636.2,64000,900,1.5e-05,5.2223e+06,-241037,2.21399e+07,0.7,0
11636.2,65000,900,1.5e-05,5.21325e+06,-241700,2.24863e+07,0.7,0
11636.2,66000,900,1.5e-05,5.2042e+06,-242364,2.28326e+07,0.7,0
11636.2,67000,900,1.5e-05,5.19515e+06,-243027,2.3179e+07,0.7,0
11636.2,68000,900,1.5e-05,5.18611e+06,-243690,2.35253e+07,0.7,0
11636.2,69000,900,1.5e-05,5.17706e+06,-244354,2.38717e+07,0.7,0
11636.2,70000,900,1.5e-05,5.16801e+06,-245017,2.42181e+07,0.7,0
11636.2,71000,900,1.5e-05,5.15896e+06,-245680,2.45644e+07,0.7,0
11636.2,72000,900,1.5e-05,5.14991e+06,-246344,2.49108e+07,0.7,0
11636.2,73000,900,1.5e-05,5.14086e+06,-247007,2.52571e+07,0.7,0
11636.2,74000,900,1.5e-05,5.13181e+06,-247670,2.56035e+07,0.7,0
11636.2,75000,900,1.5e-05,5.12276e+06,-248333,2.59499e+07,0.7,0
11636.2,76000,900,1.5e-05,5.11372e+06,-248997,2.62962e+07,0.7,0
11636.2,77000,900,1.5e-05,5.10467e+06,-249660,2.66426e+07,0.7,0
11636.2,78000,900,1.5e-05,5.09562e+06,-250323,2.69889e+07,0.7,0
11636.2,79000,900,1.5e-05,5.08657e+06,-250987,2.73353e+07,0.7,0
11636.2,80000,900,1.5e-05,5.07752e+06,-251650,2.76817e+07,0.7,0
11636.2,81000,900,1.5e-05,5.06847e+06,-252313,2.8028e+07,0.7,0
11636.2,82000,900,1.5e-05,5.05942e+06,-252977,2.83744e+07,0.7,0
11636.2,83000,900,1.5e-05,5.05038e+06,-253640,2.87207e+07,0.7,0
11636.2,84000,900,1.5e-05,5.04133e+06,-254303,2.90671e+07,0.7,0
11636.2,85000,900,1.5e-05,5.03228e+06,-254966,2.94135e+07,0.7,0
11636.2,86000,900,1.5e-05,5.02323e+06,-255630,2.97598e+07,0.7,0
11636.2,87000,900,1.5e-05,5.01418e+06,-256293,3.01062e+07,0.7,0
11636.2,88000,900,1.5e-05,5.00513e+06,-256956,3.04526e+07,0.7,0
11636.2,89000,900,1.5e-05,4.99608e+06,-257620,3.07989e+07,0.7,0
11636.2,90000,900,1.5e-05,4.98703e+06,-258283,3.11453e+07,0.7,0
11636.2,91000,900,1.5e-05,4.97799e+06,-258946,3.14916e+07,0.7,0
11636.2,92000,900,1.5e-05,4.96894e+06,-259610,3.1838e+07,0.7,0
11636.2,93000,900,1.5e-05,4.95989e+06,-260273,3.21844e+07,0.7,0
11636.2,94000,900,1.5e-05,4.95084e+06,-260936,3.25307e+07,0.7,0
11636.2,95000,900,1.5e-05,4.94179e+06,-261600,3.28771e+07,0.7,0
11636.2,96000,900,1.5e-05,4.93274e+06,-262263,3.32234e+07,0.7,0
11636.2,97000,900,1.5e-05,4.92369e+06,-262926,3.35698e+07,0.7,0
11636.2,98000,900,1.5e-05,4.91465e+06,-263589,3.39162e+07,0.7,0
11636.2,99000,900,1.5e-05,4.9056e+06,-264253,3.42625e+07,0.7,0
11636.2,100000,900,1.5e-05,4.89655e+06,-264916,3.46089e+07,0.7,0
13468.7,0,880,1.3e-05,5.72656e+06,-273437,0,0.7,0
13468.7,1000,881.132,1.31132e-05,5.71787e+06,-273746,338882,0.7,0
13468.7,2000,890,1.4e-05,5.70915e+06,-274076,679687,0.7,0
13468.7,3000,888.804,1.38804e-05,5.70028e+06,-274563,1.02197e+06,0.7,0
13468.7,4000,880,1.3e-05,5.69143e+06,-275030,1.36233e+06,0.7,0
13468.7,5000,880,1.3e-05,5.68273e+06,-275339,1.70099e+06,0.7,0
13468.7,6000,900,1.5e-05,5.67404e+06,-275649,2.0435e+06,0.7,0
13468.7,7000,900,1.5e-05,5.66499e+06,-276312,2.38986e+06,0.7,0
13468.7,8000,900,1.5e-05,5.65594e+06,-276975,2.73622e+06,0.7,0
13468.7,9000,900,1.5e-05,5.64689e+06,-277639,3.08258e+06,0.7,0
13468.7,10000,900,1.5e-05,5.63784e+06,-278302,3.42895e+06,0.7,0
13468.7,11000,900,1.5e-05,5.6288e+06,-278965,3.77531e+06,0.7,0
13468.7,12000,900,1.5e-05,5.61975e+06,-279629,4.12167e+06,0.7,0
13468.7,13000,900,1.5e-05,5.6107e+06,-280292,4.46803e+06,0.7,0
13468.7,14000,900,1.5e-05,5.60165e+06,-280955,4.81439e+06,0.7,0
13468.7,15000,900,1.5e-05,5.5926e+06,-281618,5.16075e+06,0.7,0
13468.7,16000,900,1.5e-05,5.58355e+06,-282282,5.50711e+06,0.7,0
13468.7,17000,900,1.5e-05,5.5745e+06,-282945,5.85347e+06,0.7,0
13468.7,18000,900,1.5e-05,5.56546e+06,-283608,6.19983e+06,0.7,0
13468.7,19000,900,1.5e-05,5.55641e+06,-284272,6.54619e+06,0.7,0
13468.7,20000,900,1.5e-05,5.54736e+06,-284935,6.89255e+06,0.7,0
13468.7,21000,900,1.5e-05,5.53831e+06,-285598,7.23891e+06,0.7,0
13468.7,22000,900,1.5e-05,5.52926e+06,-286262,7.58527e+06,0.7,0
13468.7,23000,900,1.5e-05,5.52021e+06,-286925,7.93163e+06,0.7,0
13468.7,24000,900,1.5e-05,5.51116e+06,-287588,8.27799e+06,0.7,0
13468.7,25000,900,1.5e-05,5.50211e+06,-288251,8.62435e+06,0.7,0
13468.7,26000,900,1.5e-05,5.49307e+06,-288915,8.97071e+06,0.7,0
13468.7,27000,900,1.5e-05,5.48402e+06,-289578,9.31708e+06,0.7,0
13468.7,28000,900,1.5e-05,5.47497e+06,-290241,9.66344e+06,0.7,0
13468.7,29000,900,1.5e-05,5.46592e+06,-290905,1.00098e+07,0.7,0
13468.7,30000,900,1.5e-05,5.45687e+06,-291568,1.03562e+07,0.7,0
13468.7,31000,900,1.5e-05,5.44782e+06,-292231,1.07025e+07,0.7,0
13468.7,32000,900,1.5e-05,5.43877e+06,-292895,1.10489e+07,0.7,0
13468.7,33000,900,1.5e-05,5.42973e+06,-293558,1.13952e+07,0.7,0
13468.7,34000,900,1.5e-05,5.42068e+06,-294221,1.17416e+07,0.7,0
13468.7,35000,900,1.5e-05,5.41163e+06,-294884,1.2088e+07,0.7,0
13468.7,36000,900,1.5e-05,5.40258e+06,-295548,1.24343e+07,0.7,0
13468.7,37000,900,1.5e-05,5.39353e+06,-296211,1.27807e+07,0.7,0
13468.7,38000,900,1.5e-05,5.38448e+06,-296874,1.3127e+07,0.7,0
13468.7,39000,900,1.5e-05,5.37543e+06,-297538,1.34734e+07,0.7,0
13468.7,40000,900,1.5e-05,5.36638e+06,-298201,1.38198e+07,0.7,0
13468.7,41000,900,1.5e-05,5.35734e+06,-298864,1.41661e+07,0.7,0
13468.7,42000,900,1.5e-05,5.34829e+06,-299528,1.45125e+07,0.7,0
13468.7,43000,900,1.5e-05,5.33924e+06,-300191,1.48588e+07,0.7,0
13468.7,44000,900,1.5e-05,5.33019e+06,-300854,1.52052e+07,0.7,0
13468.7,45000,900,1.5e-05,5.32114e+06,-301517,1.55516e+07,0.7,0
13468.7,46000,900,1.5e-05,5.31209e+06,-302181,1.58979e+07,0.7,0
13468.7,47000,900,1.5e-05,5.30304e+06,-302844,1.62443e+07,0.7,0
13468.7,48000,900,1.5e-05,5.294e+06,-303507,1.65906e+07,0.7,0
13468.7,49000,900,1.5e-05,5.28495e+06,-304171,1.6937e+07,0.7,0
13468.7,50000,900,1.5e-05,5.2759e+06,-304834,1.72834e+07,0.7,0
13468.7,51000,900,1.5e-05,5.26685e+06,-305497,1.76297e+07,0.7,0
13468.7,52000,900,1.5e-05,5.2578e+06,-306161,1.79761e+07,0.7,0
13468.7,53000,900,1.5e-05,5.24875e+06,-306824,1.83225e+07,0.7,0
13468.7,54000,900,1.5e-05,5.2397e+06,-307487,1.86688e+07,0.7,0
13468.7,55000,900,1.5e-05,5.23065e+06,-308151,1.90152e+07,0.7,0
13468.7,56000,900,1.5e-05,5.22161e+06,-308814,1.93615e+07,0.7,0
13468.7,57000,900,1.5e-05,5.21256e+06,-309477,1.97079e+07,0.7,0
13468.7,58000,900,1.5e-05,5.20351e+06,-310140,2.00543e+07,0.7,0
13468.7,59000,900,1.5e-05,5.19446e+06,-310804,2.04006e+07,0.7,0
13468.7,60000,900,1.5e-05,5.18541e+06,-311467,2.0747e+07,0.7,0
13468.7,61000,900,1.5e-05,5.17636e+06,-312130,2.10933e+07,0.7,0
13468.7,62000,900,1.5e-05,5.16731e+06,-312794,2.14397e+07,0.7,0
13468.7,63000,900,1.5e-05,5.15827e+06,-313457,2.17861e+07,0.7,0
13468.7,64000,900,1.5e-05,5.14922e+06,-314120,2.21324e+07,0.7,0
13468.7,65000,900,1.5e-05,5.14017e+06,-314784,2.24788e+07,0.7,0
13468.7,66000,900,1.5e-05,5.13112e+06,-315447,2.28251e+07,0.7,0
13468.7,67000,900,1.5e-05,5.12207e+06,-316110,2.31715e+07,0.7,0
13468.7,68000,900,1.5e-05,5.11302e+06,-316773,2.35179e+07,0.7,0
13468.7,69000,900,1.5e-05,5.10397e+06,-317437,2.38642e+07,0.7,0
13468.7,70000,900,1.5e-05,5.09492e+06,-318100,2.42106e+07,0.7,0
13468.7,71000,900,1.5e-05,5.08588e+06,-318763,2.45569e+07,0.7,0
13468.7,72000,900,1.5e-05,5.07683e+06,-319427,2.49033e+07,0.7,0
13468.7,73000,900,1.5e-05,5.06778e+06,-320090,2.52497e+07,0.7,0
13468.7,74000,900,1.5e-05,5.05873e+06,-320753,2.5596e+07,0.7,0
13468.7,75000,900,1.5e-05,5.04968e+06,-321417,2.59424e+07,0.7,0
13468.7,76000,900,1.5e-05,5.04063e+06,-322080,2.62887e+07,0.7,0
13468.7,77000,900,1.5e-05,5.03158e+06,-322743,2.66351e+07,0.7,0
13468.7,78000,900,1.5e-05,5.02254e+06,-323406,2.69815e+07,0.7,0
13468.7,79000,900,1.5e-05,5.01349e+06,-324070,2.73278e+07,0.7,0
13468.7,80000,900,1.5e-05,5.00444e+06,-324733,2.76742e+07,0.7,0
13468.7,81000,900,1.5e-05,4.99539e+06,-325396,2.80205e+07,0.7,0
13468.7,82000,900,1.5e-05,4.98634e+06,-326060,2.83669e+07,0.7,0
13468.7,83000,900,1.5e-05,4.97729e+06,-326723,2.87133e+07,0.7,0
13468.7,84000,900,1.5e-05,4.96824e+06,-327386,2.90596e+07,0.7,0
13468.7,85000,900,1.5e-05,4.95919e+06,-328050,2.9406e+07,0.7,0
13468.7,86000,900,1.5e-05,4.95015e+06,-328713,2.97524e+07,0.7,0
13468.7,87000,900,1.5e-05,4.9411e+06,-329376,3.00987e+07,0.7,0
13468.7,88000,900,1.5e-05,4.93205e+06,-330039,3.04451e+07,0.7,0
13468.7,89000,900,1.5e-05,4.923e+06,-330703,3.07914e+07,0.7,0
13468.7,90000,900,1.5e-05,4.91395e+06,-331366,3.11378e+07,0.7,0
13468.7,91000,900,1.5e-05,4.9049e+06,-332029,3.14842e+07,0.7,0
13468.7,92000,900,1.5e-05,4.89585e+06,-332693,3.18305e+07,0.7,0
13468.7,93000,900,1.5e-05,4.88681e+06,-333356,3.21769e+07,0.7,0
13468.7,94000,900,1.5e-05,4.87776e+06,-334019,3.25232e+07,0.7,0
13468.7,95000,900,1.5e-05,4.86871e+06,-334683,3.28696e+07,0.7,0
13468.7,96000,900,1.5e-05,4.85966e+06,-335346,3.3216e+07,0.7,0
13468.7,97000,900,1.5e-05,4.85061e+06,-336009,3.35623e+07,0.7,0
13468.7,98000,900,1.5e-05,4.84156e+06,-336672,3.39087e+07,0.7,0
13468.7,99000,900,1.5e-05,4.83251e+06,-337336,3.4255e+07,0.7,0
13468.7,100000,900,1.5e-05,4.82346e+06,-337999,3.46014e+07,0.7,0
